<?xml version="1.0" encoding="UTF-8"?>
<ti:module xmlns:ti="http://ti.appcelerator.org" xmlns:android="http://schemas.android.com/apk/res/android">
	<!-- Configure the Android platform by added the required permissions, services and notification receiver -->
	<android xmlns:android="http://schemas.android.com/apk/res/android">
		<manifest package="firebase.cloudmessaging">
			<uses-permission android:name="android.permission.WAKE_LOCK"/>
			<application>
				<service android:name="firebase.cloudmessaging.TiFirebaseMessagingService" android:exported="false">
					<intent-filter>
						<action android:name="com.google.firebase.MESSAGING_EVENT"/>
					</intent-filter>
				</service>
				<service android:name="firebase.cloudmessaging.TiFirebaseInstanceIDService" android:exported="false">
					<intent-filter>
						<action android:name="com.google.firebase.INSTANCE_ID_EVENT"/>
					</intent-filter>
				</service>

				<receiver android:name="com.google.firebase.iid.FirebaseInstanceIdInternalReceiver" android:exported="false"/>
				<receiver android:name="com.google.firebase.iid.FirebaseInstanceIdReceiver" android:exported="true" android:permission="com.google.android.c2dm.permission.SEND">
					<intent-filter>
						<action android:name="com.google.android.c2dm.intent.RECEIVE"/>
						<action android:name="com.google.android.c2dm.intent.REGISTRATION"/>
						<category android:name="${tiapp.properties['id']}"/>
					</intent-filter>
				</receiver>
                <meta-data android:name="com.google.firebase.messaging.default_notification_icon"
                           android:resource="@drawable/notificationicon"/>
			</application>
		</manifest>
	</android>
	<modules>
		<!-- Require Firebase Core (https://github.com/hansemannn/titanium-firebase-core) -->
		<module>firebase.core</module>

		<!-- Require Ti.PlayServices (https://github.com/appcelerator-modules/ti.playservices) -->
		<module platform="android">ti.playservices</module>
	</modules>
</ti:module>
